name,symbol,slug,category,assetClass,gecko_id,mcap,annualRevenue,annualFees,ps,pf,revYield
Bitcoin,BTC,bitcoin,Chain,L1/Monetary,bitcoin,1279472728700.6978,0,108341217,,11809.658079627237,0
Solana,SOL,solana,Chain,L1/Monetary,solana,38769054726.92871,36674339,312829446,1057.1166593330752,123.9303244072769,0.0009459693886868556
Tron,TRX,tron,Chain,L1/Monetary,tron,30969854468.26819,450281190,450281190,68.7789211631696,68.7789211631696,0.014539338260738666
Rain,RAIN,rain,Prediction Market,Application,rain,8272842552.890582,648085,1012973,12765.057905815722,8166.893444238476,0.00007833885340578072
Cardano,ADA,cardano,Chain,L1/Monetary,cardano,6213228022.647895,85944,1914023,72293.91257851502,3246.1616305801417,0.00001383242328894493
Canton,CC,canton,Chain,L1/Monetary,canton-network,6079637361.744109,445434103,445434103,13.648791865727688,13.648791865727688,0.07326655793697127
TON,TON,ton,Chain,L1/Monetary,the-open-network,4604960166.831576,1841518,3683055,2500.632720848548,1250.3099103411641,0.0003998987902792325
LAB Terminal,LAB,lab-terminal,Trading App,Application,lab,4002917923.6963835,0,11479585,,348.69883568930265,0
Hedera,HBAR,hedera,Chain,L1/Monetary,hedera-hashgraph,3570002640.865737,0,436099,,8186.220653717934,0
Litecoin,LTC,litecoin,Chain,L1/Monetary,litecoin,3333929403.8073487,0,241878,,13783.516499257265,0
Avalanche,AVAX,avalanche,Chain,L1/Monetary,avalanche-2,2916836442.3056626,6864186,6864186,424.9355192743411,424.9355192743411,0.0023532982173570514
Defi Swap,CRO,defi-swap,Dexs,Application,crypto-com-chain,2775363034.3854723,0,179687,,15445.541605043616,0
Near,NEAR,near,Chain,L1/Monetary,near,2772672195.771835,2001083,2001083,1385.585803173499,1385.585803173499,0.0007217164016184589
Tether Gold,XAUt,tether-gold,RWA,Application,tether-gold,2635703012.2816005,5039552,5039552,523.0034360755877,523.0034360755877,0.0019120333271681865
BlackRock BUIDL,BUIDL,blackrock-buidl,RWA,Application,blackrock-usd-institutional-digital-liquidity-fund,2407226190.470449,8410024,36276702,286.2329751342504,66.35736044777303,0.0034936575687374073
World Liberty Financial,WLFI,world-liberty-financial,Lending,Application,world-liberty-financial,1778648370.493133,107491254,107491254,16.546912463158474,16.546912463158474,0.06043423522221983
Aave V2,AAVE,aave-v2,Lending,Application,aave,978548726.3181343,1272430,1510518,769.0393391527505,647.8232807011465,0.0013003235973620005
Venice,VVV,venice,Farm,Application,venice-token,844862486.1590804,744857,744857,1134.26132285671,1134.26132285671,0.0008816310490790922
JustLend,JST,justlend,Lending,Application,just,678309762.9794693,514734,8625842,1317.7869792542738,78.63693341235201,0.0007588479896545137
Filecoin,FIL,filecoin,Chain,L1/Monetary,filecoin,614519523.5516832,2763367,2763367,222.3807129316096,222.3807129316096,0.004496792850500203
Flare,FLR,flare,Chain,L1/Monetary,flare-networks,608075085.0684363,0,148244,,4101.852925369231,0
Aptos,APT,aptos,Chain,L1/Monetary,aptos,554084354.5899886,255147,1348518,2171.627942284207,410.88391448240856,0.00046048403620564904
Jupiter Aggregator,JUP,jupiter-aggregator,DEX Aggregator,Application,jupiter-exchange-solana,537553429.2490509,37714490,37714490,14.25323341901351,14.25323341901351,0.07015951893877086
Arbitrum,ARB,arbitrum,Chain,L1/Monetary,arbitrum,521809147.3506284,13301248,13533152,39.23008933828077,38.55784279601887,0.0254906378462972
Virtuals Protocol,VIRTUAL,virtuals-protocol,AI Agents,Application,virtual-protocol,383921091.84436333,22968924,22968924,16.714805266644763,16.714805266644763,0.0598272001406771
Sei,SEI,sei,Chain,L1/Monetary,sei-network,336855634.385491,109884,157299,3065.5567178614815,2141.498893098437,0.0003262050231116244
Celestia,TIA,celestia,Chain,L1/Monetary,celestia,298411696.5763957,0,52441,,5690.427272103806,0
Tezos,XTZ,tezos,Chain,L1/Monetary,tezos,268849970.8203693,510500,552714,526.6404913229566,486.4178776372035,0.001898828549031489
Falcon Finance,FF,falcon-finance,Basis Trading,Application,falcon-finance-ff,263987117.91841274,0,4668202,,56.550063154596295,0
Monad,-,monad,Chain,L1/Monetary,monad,263632392.7388006,543526,1011281,485.0409966382484,260.69153157114647,0.002061681397924837
Olympus DAO,OHM,olympus-dao,Reserve Currency,Other/Monetary,olympus,257459208.63233244,2820341,2820341,91.28655316230642,91.28655316230642,0.010954515921112847
Lido,LDO,lido,Liquid Staking,Application,lido-dao,228846360.50486946,76519690,771587271,2.9906859333182014,0.2965916742098114,0.3343714526688826
Pendle,PENDLE,pendle,Yield,Application,pendle,220206529.53556657,24536746,25299021,8.97456123707547,8.704152209509077,0.11142606012523783
The Graph,GRT,the-graph,Developer Tools,Application,the-graph,218518328.54439187,4332,615329,50442.82745715417,355.1243782503212,0.000019824424014482412
ENS,ENS,ens,Domains,Application,ethereum-name-service,193519282.62070844,1459800,1459800,132.56561352288563,132.56561352288563,0.007543434329803511
Railgun,RAIL,railgun,Privacy,Application,railgun,187977727.9898012,4569843,4569843,41.134395205656126,41.134395205656126,0.02431055555819857
Plasma,XPL,plasma,Chain,L1/Monetary,plasma,187606589.6823659,221997,221997,845.0861483820318,845.0861483820318,0.001183311313189265
Axie Infinity,AXS,axie-infinity,Gaming,Application,axie-infinity,165247631.19506875,1767006,1897761,93.51843241905729,87.07504854144898,0.01069307915170121
Fidelity Digital Interest Token,FDIT,fidelity-digital-interest-token,RWA,Application,fidelity-digital-interest-token,142551856.09,303797,5886031,469.23391636520444,24.218672326054687,0.002131133247456266
EigenCloud,EIGEN,eigencloud,Restaking,Application,eigenlayer,136517055.89916655,0,53097864,,2.5710460951718614,0
Bitway Earn,BTW,bitway-earn,Basis Trading,Application,bitway,133524223.88526073,215287,1056928,620.2149869024174,126.33237447135541,0.0016123441405283823
Flying Tulip Lend,FT,flying-tulip-lend,Lending,Application,flying-tulip,127408947.17561382,0,2318,,54965.033294052555,0
Thorchain DEX,RUNE,thorchain-dex,Dexs,Application,thorchain,122331360.032964,11355263,26522224,10.77309790473052,4.612409578961554,0.09282381064790055
Convex Finance,CVX,convex-finance,Yield,Application,convex-finance,114475785.45287041,4053717,37817635,28.239708261052858,3.0270477107537372,0.03541113069426295
Sonic,S,sonic,Chain,L1/Monetary,sonic-3,113760010.81729129,201509,519309,564.540595294956,219.06034907404126,0.001771351800622113
Story,IP,story,Chain,L1/Monetary,story-2,112518642.59537196,0,26290,,4279.902723292962,0
ZKsync Era,ZK,zksync-era,Chain,L1/Monetary,zksync,102408341.56620303,402761,670333,254.2657843391069,152.7723408607409,0.003932892514811702
Aethir,ATH,aethir,Developer Tools,Application,aethir,92136397.23644374,20885636,104428129,4.411471943513893,0.8822948195925615,0.22668170914478594
Reserve Protocol,RSR,reserve-protocol,Indexes,Application,reserve-rights-token,88375523.68179034,1095395,7301716,80.679137372172,12.10339099491001,0.01239477803768539
Walrus Protocol,WAL,walrus-protocol,Developer Tools,Application,walrus-2,87146039.37523817,156134,156134,558.1490218353348,558.1490218353348,0.0017916362134107978
Helium Network,HNT,helium-network,DePIN,Application,helium,84459880.80601956,15499959,15499959,5.449038981717278,5.449038981717278,0.18351859903282386
CoWSwap,COW,cowswap,DEX Aggregator,Application,cow-protocol,81909494.79461548,26122138,41137694,3.1356351763632624,1.9911056461894894,0.3189146516591286
Nexus Mutual,NXM,nexus-mutual,Insurance,Application,nxm,78729829.28402568,2012624,4025243,39.11800181455934,19.55902520270843,0.025563677938882083
deBridge,DBR,debridge,Bridge,Other/Monetary,debridge,78289223.22099257,10246488,10246488,7.640590924518973,7.640590924518973,0.13087992929852565
Safe,SAFE,safe,Services,Application,safe,73241919.81790933,1594225,1594225,45.942021871385364,45.942021871385364,0.021766564884747538
Berachain,BERA,berachain,Chain,L1/Monetary,berachain-bera,71924026.4101696,72978,101132,985.5576531306641,711.1895978539889,0.0010146539848008478
Geodnet,GEOD,geodnet,Oracle,Application,geodnet,71235738.73166211,6336798,6336798,11.241598474759982,11.241598474759982,0.08895532092212988
sDAI,sDAI,sdai,Yield,Application,savings-xdai,69588243.96670084,0,4823354,,14.42735572937438,0
Plume Mainnet,PLUME,plume-mainnet,Chain,L1/Monetary,plume,64768847.12434344,0,999167,,64.8228445538568,0
Velo Finance,VELO,velo-finance,Dexs,Application,velo,60077197.933048055,3198,3199,18785.865520027535,18779.993101921867,0.00005323151062344741
stUSDT,STUSDT,stusdt,RWA,Application,staked-usdt,59383352.99441045,20215,1409282,2937.588572565444,42.13731034272094,0.00034041526759027513
Portal,W,portal,Bridge,Other/Monetary,wormhole,57123868.66226616,0,805806,,70.89034911910082,0
Peaq,PEAQ,peaq,Chain,L1/Monetary,peaq-2,55201096.429004356,0,110,,501828.14935458504,0
ZetaChain,ZETA,zetachain,Chain,L1/Monetary,zetachain,53901844.93607269,0,38660,,1394.2536196604422,0
Movement,MOVE,movement,Chain,L1/Monetary,movement,53719424.96305873,1442,1442,37253.41536966625,37253.41536966625,0.000026843176392741004
MYX Finance,MYX,myx-finance,Derivatives,Application,myx-finance,53430469.6095686,39622,141300,1348.5051135623796,378.1349583125874,0.0007415618894898181
Bankr,BNKR,bankr,Interface,Application,bankercoin-2,53236726.82809681,11549149,28869074,4.609580050278753,1.8440746256044378,0.21693950188358863
Sierra Protocol,SIERRA,sierra-protocol,Yield,Application,sierra-2,53081056.84560319,0,251058,,211.4294579165101,0
aPriori,APR,apriori,Liquid Staking,Application,apriori,51952480.24979232,7538,43794,6892.077507268815,1186.292191848023,0.0001450941314785473
Blur Bids,BLUR,blur-bids,NFT Marketplace,Application,blur,50025684.16665399,1,106429,50025684.16665399,470.0380926876508,1.998973160804021e-8
SushiSwap,SUSHI,sushiswap,Dexs,Application,sushi,46836676.1711317,4193003,25161565,11.170198583481028,1.8614373220080587,0.08952392318958798
Collector Crypt,CARDS,collector-crypt,Physical TCG,Application,collector-crypt,46545531.483552836,48583933,48583933,0.9580437113552095,0.9580437113552095,1.0437937101903638
Flow,FLOW,flow,Chain,L1/Monetary,flow,45519695.037807845,0,2397,,18990.27744589397,0
OpenLedger,OPEN,openledger,Decentralized AI,Application,openledger-2,43454667.37175109,135449,135449,320.8194034046105,320.8194034046105,0.003117018451464488
Solstice,SLX,solstice,Basis Trading,Application,solstice,42592011.05166946,0,2819212,,15.107771622591512,0
Ankr,ANKR,ankr,Liquid Staking,Application,ankr,39161295.63273441,107640,1078031,363.8173135705538,36.326687852885875,0.0027486322467335615
Frankencoin,ZCHF,frankencoin,CDP,Application,frankencoin,38827254.33526357,920569,1063309,42.17745148409687,36.515494870506664,0.023709350963916177
Api3,API3,api3,Risk Curators,Application,api3,37197590.72665762,18147,664071,2049.7928432610142,56.01447846187775,0.00048785417672212215
ORE Protocol,ORE,ore-protocol,Gamified Mining,Application,ore,37168408.90942862,30164949,30164949,1.2321721117257192,1.2321721117257192,0.8115749337967483
Celo,CELO,celo,Chain,L1/Monetary,celo,36900423.57916309,0,428585,,86.09826190642018,0
Reental,RNT,reental,RWA,Application,reental,35868198.32930597,706774,706774,50.74917629865554,50.74917629865554,0.019704753316882748
Vana,VANA,vana,Chain,L1/Monetary,vana,35135647.61643962,0,2480,,14167.599845338556,0
Osmosis DEX,OSMO,osmosis-dex,Dexs,Application,osmosis,34536518.10570309,1989137,5802023,17.362563818230264,5.952495897672776,0.057595180669690306
Avantis,AVNT,avantis,Derivatives,Application,avantis,33135526.819448814,0,18882712,,1.7548076155294225,0
IoTeX,IOTX,iotex,Chain,L1/Monetary,iotex,32880662.226382732,0,92580,,355.1594537306409,0
SSV Network,SSV,ssv-network,Staking Pool,Application,ssv-network,30692585.36042631,2392714,2438015,12.827519444624937,12.58917002578996,0.07795739498325423
Rocket Pool,RPL,rocket-pool,Liquid Staking,Application,rocket-pool,30537783.29402515,0,48977167,,0.623510610444764,0
Across,ACX,across,Cross Chain Bridge,Application,across-protocol,29487758.36572763,0,874398,,33.72349704108156,0
Renzo,REZ,renzo,Liquid Restaking,Application,renzo,28484725.764823828,2227881,22924173,12.785568782544413,1.242562851223633,0.07821318057944024
Illuvium,ILV,illuvium,Gaming,Application,illuvium,28134817.08912579,101444,101444,277.3433331604214,277.3433331604214,0.0036056392219876374
Gyroscope Protocol,GYD,gyroscope-protocol,Dexs,Application,gyroscope-gyd,24026504.648798317,0,179586,,133.78829445946965,0
Hyperlane,HYPER,hyperlane,Cross Chain Bridge,Application,hyperlane,23707479.783654552,1473415,1473415,16.090157751654864,16.090157751654864,0.06214979464058707
PinkSale,PINKSALE,pinksale,Launchpad,Application,pinksale,22539552.63539362,1484819,1484819,15.18000014506389,15.18000014506389,0.06587615220314554
Space and Time,SXT,space-and-time,Developer Tools,Application,space-and-time,22439155.035106115,53348,153152,420.61848682436295,146.51558605245845,0.0023774513753542378
Hydration DEX,HDX,hydration-dex,Dexs,Application,hydradx,22335420.193360385,838888,1646457,26.625032415960636,13.565747658979484,0.0375586397183329
Momentum,MMT,momentum,Dexs,Application,momentum-3,22122685.620425947,3080277,15446380,7.182044218888739,1.4322246131731802,0.13923612407871358
Tornado Cash,TORN,tornado-cash,Privacy,Application,tornado-cash,22029422.814033546,0,5701919,,3.863510304869912,0
STON.fi,STON,ston.fi,Dexs,Application,ston-2,20811630.626120545,1524909,5692500,13.647785294808113,3.6559737595293007,0.07327196159661302
Gravity by Galxe,G,gravity-by-galxe,Chain,L1/Monetary,g-token,20199233.092798665,2945,162826,6858.82278193503,124.05410126637432,0.00014579761451685694
OPINION,OPN,opinion,Prediction Market,Application,opinion,20014779.92368184,17311569,17311569,1.1561505443950135,1.1561505443950135,0.8649392631850349
Metis,METIS,metis,Chain,L1/Monetary,metis-token,19790362.97861112,0,66544,,297.40266558384104,0
Yield Basis,YB,yield-basis,Leveraged Farming,Application,yield-basis,19324338.866580475,3791965,27013273,5.096127961777198,0.7153645863861249,0.19622741177230268
Usual USD0,USUAL,usual-usd0,RWA,Application,usual,17596164.709999833,16922602,25803796,1.0398025498679124,0.6819215556501778,0.9617210499503309
Tree News,TREE,tree-news,SoFi,Application,tree-capital,16948762.932735585,1515395,1515395,11.184386204742383,11.184386204742383,0.08941036027314415
Definitive,EDGE,definitive,DEX Aggregator,Application,definitive,16685019.206818286,2928634,2928634,5.697201906014301,5.697201906014301,0.1755247604871334
Capx AI,CAPX,capx-ai,AI Agents,Application,capx-ai,15719727.498460652,349285,390943,45.00544683699744,40.20976842777758,0.022219532751709823
MorpheusAI,MOR,morpheusai,AI Agents,Application,morpheusai,14621981.591794036,1066269,1066269,13.713220202213547,13.713220202213547,0.07292233226434904
Aquarius Stellar,AQUA,aquarius-stellar,Dexs,Application,aquarius,14204167.237018326,240437,480881,59.07646176344875,29.537800905043714,0.016927215512739305
Hegic,HEGIC,hegic,Options,Application,hegic,13468854.789245272,608138.6666666666,1539228,22.14767046974803,8.750396165639705,0.04515147547304901
Looped Hype,LHYPE,looped-hype,Yield,Application,looped-hype,13401529.485870797,86057,673566,155.72852279153116,19.896386524662464,0.006421431232213435
HumidiFi,WET,humidifi,Dexs,Application,humidifi,13216392.7060477,889188,889188,14.863440246660662,14.863440246660662,0.06727917517108248
Limitless Exchange,LMTS,limitless-exchange,Prediction Market,Application,limitless-3,13147605.75175713,11385327,11385327,1.1547850801085582,1.1547850801085582,0.865962002129429
Banana Gun,BANANA,banana-gun,Telegram Bot,Application,banana-gun,12176746.502863785,6846453,6846453,1.7785481771164988,1.7785481771164988,0.5622563464214204
Ready Cards,READY,ready-cards,Physical TCG,Application,ready,11796490.097305797,28716,28716,410.7985129302757,410.7985129302757,0.002434283398123519
SideShift,XAI,sideshift,Cross Chain Bridge,Application,sideshift-token,11587831.411604108,5413274,5413274,2.1406327135120278,2.1406327135120278,0.4671516013409655
Gains Network,GNS,gains-network,Derivatives,Application,gains-network,11576918.638544051,7668747,9942488,1.5096232329145884,1.1643884949666574,0.6624169383438325
Dolomite,DOLO,dolomite,Lending,Application,dolomite,11388129.248634093,2014801,9824213,5.652235257295431,1.159189977724841,0.1769211567599356
HOPR,HOPR,hopr,Privacy,Application,hopr,11229078.086688662,51433,51433,218.32438486358296,218.32438486358296,0.004580340398645055
SMARDEX AMM,SDEX,smardex-amm,Dexs,Application,smardex,11184429.39906222,22587,26777,495.1710895232753,417.687918701207,0.002019504008125247
Layer3,L3,layer3,Foundation,Application,layer3,11067541.792220214,1010275,1043662,10.954979379099962,10.604526937092865,0.0912826912214743
Moonbeam,GLMR,moonbeam,Chain,L1/Monetary,moonbeam,11003842.589060064,0,7680,,1432.7920037838626,0
Stader,SD,stader,Liquid Staking,Application,stader,10740725.908586506,579036,11230416,18.549323200261306,0.9563960861811802,0.05391032272195855
Metaplex,MPLX,metaplex,Launchpad,Application,metaplex,10422598.839217303,13054251,13054251,0.7984064990949924,0.7984064990949924,1.2524948145255799
Goldfinch,GFI,goldfinch,RWA Lending,Application,goldfinch,10392488.76718605,183217,1567313,56.72229524108597,6.630767923947578,0.017629752035768546
Hfun,HFUN,hfun,Launchpad,Application,hypurr-fun,9993212.265151259,320,30758,31228.788328597682,324.8979863824455,0.00003202173550500045
Benqi Lending,QI,benqi-lending,Lending,Application,benqi,9941370.049297497,1014208,5588427,9.80210178710629,1.7789209824692165,0.10201893652190008
THENA V1,THE,thena-v1,Dexs,Application,thena,9249239.756710822,262973,262973,35.17182279819914,35.17182279819914,0.02843185028360833
Synapse,SYN,synapse,Cross Chain Bridge,Application,synapse-2,8856467.20883492,149903,150005,59.08132064625071,59.04114668734322,0.016925823408510076
Aspecta BuildKey,ASP,aspecta-buildkey,SoFi,Application,aspecta,8541594.236408744,645414,645414,13.234287196138826,13.234287196138826,0.07556130414728761
DEXTools,DEXT,dextools,Coins Tracker,Application,dextools,8513653.286001237,4834021,4834021,1.7611949319213211,1.7611949319213211,0.5677963193484101
Inverse Finance FiRM,INV,inverse-finance-firm,CDP,Application,inverse-finance,7955924.475789974,6682371,6356709,1.190584071999291,1.2515791545263397,0.839923885694815
THORSwap,THOR,thorswap,DEX Aggregator,Application,thorswap,7808248.329809303,5177340,5177340,1.5081583071247597,1.5081583071247597,0.6630603665913944
Bitgert,BRISE,bitgert,Chain,L1/Monetary,bitrise-token,7756453.618534836,0,104,,74581.2847936042,0
Pool Party,SEND,pool-party,Dexs,Application,send-token-2,7654710.621087593,0,752,,10179.136464212224,0
Resolv,RESOLV,resolv,Basis Trading,Application,resolv,7190054.810613001,2100918,24063895,3.422339572802461,0.2987901505809014,0.29219777252586515
Badger DAO,BADGER,badger-dao,Yield Aggregator,Application,badger-dao,7027799.790551211,15591,80324,450.7600404432821,87.49315012388838,0.0022184752646143826
Treehouse Protocol,TREE,treehouse-protocol,DOR,Application,treehouse,6960127.963564845,1369112,2631911,5.08368049039439,2.6445149412593527,0.19670787766648573
Overtime,OVER,overtime,Prediction Market,Application,overtime,6764285.205797767,1336319,1363663,5.061879091592477,4.960378924850031,0.19755509404816662
Solomon USDv,SOLO,solomon-usdv,Basis Trading,Application,solomon,6694553.083397248,0,51457,,130.09994914972205,0
Stake DAO,SDT,stake-dao,Yield,Application,stake-dao,6468749.648446656,1248455,1392612,5.181403934019773,4.645048045289467,0.19299788488487757
Edel,EDEL,edel,Lending,Application,edel,6450505.658343295,109,1136,59178.95099397518,5678.26202318952,0.000016897900067573127
PAAL AI,PAAL,paal-ai,Telegram Bot,Application,paal-ai,6291256.692154707,155202,683820,40.53592538855625,9.200164797980035,0.024669475049959297
Kleros,PNK,kleros,Services,Application,kleros,6225988.925197716,23,21262,270695.17066077027,292.8223556202481,0.000003694192244209557
AlphaLend,BLUE,alphalend,Lending,Application,bluefin,6042805.804642931,1438199,4807950,4.201647897573931,1.256836240943215,0.23800185650430367
Merkle Trade,MKL,merkle-trade,Derivatives,Application,merkle-trade,6031638.652541954,938390,973995,6.427645917520385,6.192679277144086,0.15557795386242643
Stables Labs USDX,USDX,stables-labs-usdx,Basis Trading,Application,usdx-money-usdx,5693792.8302454455,0,7234310,,0.7870540286835158,0
SYMMIO,SYMM,symmio,Derivatives,Application,symmio,5625697.961521188,72253,228616,77.8610986605565,24.60763009378691,0.012843384144367182
Peapods Finance,PEAS,peapods-finance,Yield,Application,peapods-finance,5468092.962520975,1747353,1747353,3.1293579274027485,3.1293579274027485,0.3195543696818226
Quickswap Dex,QUICK,quickswap-dex,Dexs,Application,quickswap,5420607.015716197,5580447,33482806,0.9713571360351952,0.16189225645294475,1.0294874695436087
Mind Network,FHE,mind-network,Chain,L1/Monetary,mind-network,5349054.784330533,0,10656,,501.97586189288035,0
NFPrompt,NFP,nfprompt,NFT Marketplace,Application,nfprompt-token,5347752.786109299,0,0,,,0
Enzyme Finance,MLN,enzyme-finance,Indexes,Application,melon,5183619.299066169,54891,54891,94.43477617580604,94.43477617580604,0.010589319321711884
Ekubo,EKUBO,ekubo,Dexs,Application,ekubo-protocol,4843065.519805692,437159,3594406,11.078498943875552,1.3473896715634495,0.09026493616744198
Tectonic,TONIC,tectonic,Lending,Application,tectonic,4516789.758045213,283440,2799250,15.935611621666714,1.6135714059284498,0.06275253336623483
Graphite Protocol,GP,graphite-protocol,Launchpad,Application,graphite-protocol,4506369.292881495,25830483,25830483,0.17445935071680602,0.17445935071680602,5.7319942777000605
LeverUp,LV,leverup,Derivatives,Application,leverup,4496926.172141824,767112,787623,5.862150731759931,5.709490672748033,0.1705858559013512
Trueo,TRUE,trueo,Prediction Market,Application,true,4473150.321060089,263,263,17008.17612570376,17008.17612570376,0.00005879525191938369
Hamilton Lane Senior Credit Opportunities Securitize Fund,HLSCOPE,hamilton-lane-senior-credit-opportunities-securitize-fund,RWA,Application,hamilton-lane-senior-credit-opportunities-securitize-fund,4292865.820529231,56166,207982,76.43175267117527,20.64056418598355,0.013083567562583583
Boson Protocol,BOSON,boson-protocol,RWA,Application,boson-protocol,4118147.555118324,0,0,,,0
Ancient8,A8,ancient8,Chain,L1/Monetary,ancient8,3975958.2871632637,0,130,,30584.29451664049,0
Infrared Finance,IR,infrared-finance,Liquid Staking,Application,infrared-finance,3641395.504230062,2129986,2129986,1.709586590817997,1.709586590817997,0.5849367357996903
Gearbox,GEAR,gearbox,Lending,Application,gearbox,3531791.069775207,478605,1877271,7.379344281349352,1.8813432209708705,0.13551339548249736
0x0.ai,0X0,0x0.ai,Privacy,Application,0x0-ai-ai-smart-contract,3526198.851082432,0,0,,,0
FlashTrade,FAF,flashtrade,Derivatives,Application,flash-trade,3367852.1184688937,1041776,3753174,3.2327987191765732,0.8973343944269287,0.30932949647255187
Equilibria,EQB,equilibria,Yield,Application,equilibria-finance,3237155.729034695,1323484,3970463,2.445934918015401,0.815309380552015,0.4088416223320393
Angle,ANGLE,angle,CDP,Application,angle-protocol,3234569.1673265006,0,0,,,0
Geist Finance,GEIST,geist-finance,Lending,Application,geist-finance,2950049.2543095406,0,0,,,0
Beefy,BIFI,beefy,Yield Aggregator,Application,beefy-finance,2924399.861184993,1827094,1930746,1.6005743881732373,1.5146476342227269,0.6247757101382316
SOFA.org,RCH,sofa.org,Options,Application,rch-token,2921091.6758066923,174536,174536,16.73632761038807,16.73632761038807,0.059750264411609036
Kwenta,KWENTA,kwenta,Derivatives,Application,kwenta,2857962.5398543593,0,0,,,0
mETH Protocol,COOK,meth-protocol,Liquid Staking,Application,meth-protocol,2616722.93910379,2568001,25680174,1.0189727103314175,0.10189662029173907,0.9813805510794823
Frax FPI,FPIS,frax-fpi,Algo-Stables,Application,frax-price-index-share,2530844.693689405,0,1876,,1349.0643356553333,0
Cakepie,CKP,cakepie,Yield,Application,cakepie-xyz,2478332.85823793,0,0,,,0
Veno Finance,VNO,veno-finance,Liquid Staking,Application,veno-finance,2471475.2489813115,224356,2243715,11.015864291489024,1.1015103295121311,0.09077816987747488
Omnipair,OMFG,omnipair,Lending,Application,omnipair,2409749.4293448986,606,6146,3976.4842068397666,392.0841896102991,0.0002514784286782646
fx Protocol,FXN,fx-protocol,Dual-Token Stablecoin,Application,fxn-token,2324405.7944618333,966770,6784073,2.404300706953912,0.3426268842422293,0.4159213517293072
ZealousSwap,ZEAL,zealousswap,Dexs,Application,zeal,2260137.568067842,708,4929,3192.284700660794,458.5387640632668,0.0003132552681761131
WaterNeuron,WTN,waterneuron,Liquid Staking,Application,waterneuron,2254437.4719498553,95327,891941,23.64951663169779,2.527563450889527,0.04228416231812897
Solana Name Service,SNS,solana-name-service,Domains,Application,solana-name-service,2219962.13596056,1113826,1113826,1.993095991618583,1.993095991618583,0.5017319809006816
Launch Coin on Believe,LAUNCHCOIN,launch-coin-on-believe,Launchpad,Application,ben-pasternak,2049790.486339896,7765272,9705865,0.2639689229610883,0.21119091253998443,3.788324734527216
Tarot,TAROT,tarot,Lending,Application,tarot-2,1988168.7590195443,0,0,,,0
Indigo,INDY,indigo,CDP,Application,indigo-dao-governance-token,1923125.9350091615,1645324,6347134,1.1688433007779389,0.30299122958632374,0.8555466753622466
Rarible,RARI,rarible,Services,Application,rarible,1862343.8671970456,3499,5777,532.2503192903818,322.37214249559383,0.001878815218623526
FriendRoom,FRIEND,friendroom,SoFi,Application,friend-room,1862133.080575245,0,0,,,0
Storm Trade,STORM,storm-trade,Derivatives,Application,storm-trade,1844309.4377544532,326730,1089103,5.644750827149185,1.6934205835026193,0.17715573824629532
GT3,GT3,gt3,Dexs,Application,gt3-finance,1809561.8432264985,190104,190104,9.518799410988187,9.518799410988187,0.10505526556696142
Vader AI,VADER,vader-ai,AI Agents,Application,vaderai-by-virtuals,1787317.6529801332,452409,452409,3.950667765186221,3.950667765186221,0.25312176559419275
Streamflow,STREAM,streamflow,Payments,Application,streamflow,1740923.3961409635,2000834,2000834,0.8700988668430082,0.8700988668430082,1.1492946814519065
boop.fun,BOOP,boop.fun,Launchpad,Application,boop-4,1716648.9070305848,896659,896659,1.9144947042639229,1.9144947042639229,0.5223310348014131
Wrapped HLP,wHLP,wrapped-hlp,Yield,Application,wrapped-hlp,1685382.884118836,97403,974043,17.303192757089985,1.7302961821180747,0.05779280240580166
ZINC,ZINC,zinc,Gamified Mining,Application,zinc-2,1656559.433774427,1110420,1140597,1.4918314095337144,1.4523617314217265,0.6703170302015288
Resupply,RSUP,resupply,Lending,Application,resupply,1599371.8637963114,2387532,3183382,0.6698849958016527,0.5024127999078689,1.4927935485452963
Index Coop,INDEX,index-coop,Indexes,Application,index-cooperative,1592772.8351434646,208314,208314,7.6460191592666105,7.6460191592666105,0.1307870120607856
Giza,GIZA,giza,AI Agents,Application,giza,1483772.844687133,109002,109002,13.612345137585853,13.612345137585853,0.07346272739139127
Perpetual Protocol,PERP,perpetual-protocol,Derivatives,Application,perpetual-protocol,1398466.8552435425,1609,8065,869.1528000270619,173.3994860810344,0.0011505456807696691
Saber,SBR,saber,Dexs,Application,saber,1353428.3093656774,5110,9855,264.85876895610124,137.3341764957562,0.003775597100074659
Obol,OBOL,obol,Staking Pool,Application,obol-2,1287579.0448424637,134518,308618,9.571797416274876,4.172080192478934,0.1044735859431903
Unchain X,UNX,unchain-x,Dexs,Application,unchain-x,1233388.0516373266,0,748818,,1.6471132526693089,0
ODOS,ODOS,odos,DEX Aggregator,Application,odos,1200997.6951729176,3304621,3304621,0.36342978367955586,0.36342978367955586,2.7515631489402703
Verse,VERSE,verse,Dexs,Application,verse-bitcoin,1184789.7671823837,39786,239343,29.779062162126973,4.9501751343569005,0.03358064114160723
NodeOps,NODE,nodeops,DePIN,Application,node-2,1179566.0294866231,736027,736027,1.602612444226398,1.602612444226398,0.6239811774846868
Wompie,MGP,wompie,Yield,Application,magpie,1147960.5406546493,11459,11459,100.17981854041794,100.17981854041794,0.00998205042262625
Echelon Market,ELON,echelon-market,Lending,Application,echelon-token,1141184.979823003,2344829,8102008,0.4866815361900604,0.14085211713232115,2.054731740654071
Stride,STRD,stride,Liquid Staking,Application,stride,1135973.245304593,270124,2489413,4.205376957636466,0.4563217293814216,0.2377908116379718
Meso Finance,MESO,meso-finance,Lending,Application,meso-finance,1131465.3716304896,123932,209807,9.129727363638848,5.392886660742919,0.10953229600072403
xExchange,MEX,xexchange,Dexs,Application,maiar-dex,1129083.5847636927,3997,11993,282.48275825961787,94.14521677342556,0.003540039067024907
ZyFAI,ZFI,zyfai,AI Agents,Application,zyfi,1081795.1176428767,63264,63264,17.09969520806267,17.09969520806267,0.0584805745267606
Penpie,PNP,penpie,Yield,Application,penpie,1078480.142001735,556754,4552242,1.9370855746015925,0.23691186496713817,0.5162394543182087
Ethervista,VISTA,ethervista,Dexs,Application,ethervista,1078012.2558224734,26755,26755,40.29199236862169,40.29199236862169,0.024818827295787257
KiloEx,KILO,kiloex,Derivatives,Application,kiloex,985303.2849392651,26192,261538,37.61848216780945,3.7673427377255506,0.026582678044775317
GET Protocol,GET,get-protocol,Services,Application,get-token,982240.2604247679,0,0,,,0
Amnis Finance,AMI,amnis-finance,Liquid Staking,Application,ami,972989.2519237427,275283,3932631,3.5345054068857964,0.24741432692864973,0.28292501634085376
AirSwap,AST,airswap,DEX Aggregator,Application,airswap,965534.3277851172,4631,4631,208.49370066618812,208.49370066618812,0.004796307978633199
TLX Finance,TLX,tlx-finance,Derivatives,Application,tlx,922910.1884387198,0,0,,,0
Bifrost Liquid Staking,BNC,bifrost-liquid-staking,Liquid Staking,Application,bifrost-native-coin,841221.2347938061,789730,4952891,1.0652010621273171,0.16984448775347694,0.9387899013195652
WAGMI,WAGMI,wagmi,Dexs,Application,wagmi-2,838072.6910789894,0,943706,,0.8880654473734293,0
QiDao,QI,qidao,CDP,Application,qi-dao,791775.3988552525,0,0,,,0
Nabla Finance,NABLA,nabla-finance,Dexs,Application,nabla,771771.6463343063,48795,235344,15.81661330739433,3.2793342780538546,0.06322466008146611
Acala,ACA,acala,Chain,L1/Monetary,acala,742803.4052629619,0,22,,33763.79114831645,0
Velora,VLR,velora,DEX Aggregator,Application,velora,717977.0340548957,1283187,3269060,0.5595264244844249,0.21962797686640678,1.7872256898705885
Vesper,VSP,vesper,Yield Aggregator,Application,vesper-finance,665733.2095063882,261707,261707,2.5438112450426935,2.5438112450426935,0.3931109283162308
ThalaSwap,THL,thalaswap,Dexs,Application,thala,652692.9370257547,6856,34287,95.20025335848231,19.03616347378758,0.010504173725614359
Unibot,UNIBOT,unibot,Telegram Bot,Application,unibot,631237.3175957314,104503,104503,6.040375085841855,6.040375085841855,0.165552633038289
Alkimi,ALKIMI,alkimi,Services,Application,alkimi-2,614577.8809772357,709584,709584,0.8661101165996354,0.8661101165996354,1.154587599006485
Turbos,TURBOS,turbos,Dexs,Application,turbos-finance,602278.233947205,159039,530216,3.7869845380517044,1.1359110889660158,0.2640623403533809
Rank Trading,RAN,rank-trading,Yield,Application,rank-2,595125.4219752905,92628,195903,6.424897676461659,3.037857623289539,0.15564450211613695
Elixir,ELX,elixir,Yield,Application,elixir-finance,581546.1710286468,0,1494671,,0.3890797178968795,0
GrelfSwap,GRELF,grelfswap,DEX Aggregator,Application,grelf,578749.5407708689,0,0,,,0
Orynth,ORY,orynth,Launchpad,Application,orynth,573816.7232970189,1078053,1078053,0.5322713477881132,0.5322713477881132,1.8787409920815055
Heaven,LIGHT,heaven,Dexs,Application,heaven,560876.2424746297,4631563,4631563,0.12109869659003443,0.12109869659003443,8.25772719408685
Canto,CANTO,canto,Chain,L1/Monetary,canto,532111.7180781956,0,0,,,0
Haystack,HAY,haystack,Trading App,Application,haystack,512390.26135817025,29611,29611,17.30405124305732,17.30405124305732,0.057789935198048904
SakeFinance,SONE,sakefinance,Lending,Application,sone,480210.72785614006,25385,266939,18.917105686670872,1.7989530486595817,0.052862209291594076
Aura,AURA,aura,Yield,Application,aura-finance,471826.0460970701,387523,1550074,1.2175433357428336,0.3043893685701909,0.8213260018296528
Beamable Network,BMB,beamable-network,DePIN,Application,beamable-network-token,465646.43284719414,16218,162176,28.711705071352455,2.871241323298109,0.034829000838329356
THORWallet,TITN,thorwallet,DEX Aggregator,Application,thor-wallet,441378.5940513293,106730,107654,4.135468884580992,4.099973935490826,0.24181054867284305
Kinetic,JOULE,kinetic,Lending,Application,joule-2,424260.4728513103,171052,1015812,2.480301153165764,0.4176564884558464,0.40317684758709127
Yield Yak Aggregator,YAK,yield-yak-aggregator,Yield Aggregator,Application,yield-yak,423021.7992104794,351327,351327,1.2040685720439346,1.2040685720439346,0.8305174831550304
Almanak,ALMANAK,almanak,Onchain Capital Allocator,Application,almanak,413545.2200482012,503201,2091531,0.8218290902605544,0.19772368664303863,1.2167980080663219
DoubleUp,UP,doubleup,Luck Games,Application,doubleup,380028.83174560044,1458986,1458986,0.2604746253532251,0.2604746253532251,3.8391455545580206
Cyberperp,CYB,cyberperp,Derivatives,Application,cyberperp,370999.8519466945,1796,8254,206.57007346697912,44.94788610936449,0.004840972282269402
Vesta Finance,VSTA,vesta-finance,CDP,Application,vesta-finance,365315.0198897341,0,0,,,0
WELEPHANT,WELEPHANT,welephant,Gamified Mining,Application,wrapped-elephant,361614.34750267153,65347,65347,5.533755910794245,5.533755910794245,0.18070909091768608
Valas Finance,VALAS,valas-finance,Lending,Application,valas-finance,354835.73524315056,129440,258897,2.7413143946473313,1.3705671956150538,0.36478851238391047
WingRiders,WRT,wingriders,Dexs,Application,wingriders,334380.63677658397,0,112815,,2.9639732019375433,0
Xeleb Protocol,XCX,xeleb-protocol,AI Agents,Application,xeleb-protocol,318399.4098451408,6884,6884,46.25209323723719,46.25209323723719,0.021620643088968522
Adrena Protocol,ADX,adrena-protocol,Derivatives,Application,adrena,304568.20722072857,1696832,5656124,0.1794922580554401,0.05384751239907905,5.571270932984352
PigeonHouse,PIGEON,pigeonhouse,Launchpad,Application,level941,295512.3803763689,140,566,2110.8027169740635,522.1066791101923,0.00047375341710453536
Astroport,ASTRO,astroport,Dexs,Application,astroport-fi,281113.3804881859,0,234493,,1.1988135274323153,0
X2Y2,X2Y2,x2y2,NFT Lending,Application,x2y2,279209.2309109786,0,0,,,0
Ferro,FER,ferro,Dexs,Application,ferro,276985.5966550164,14105,28267,19.63740493832091,9.798903196484114,0.05092322550463762
Kromatika,KROM,kromatika,Dexs,Application,kromatika,259192.8069984159,0,1,,259192.8069984159,0
Bodega Market,BODEGA,bodega-market,Prediction Market,Application,bodega,233152.169738555,46203,49588,5.046256081608446,4.701786112336755,0.19816671683480233
Kroma,KRO,kroma,Chain,L1/Monetary,kroma,228593.85563894903,0,136,,1680.8371738158016,0
LooksRare,LOOKS,looksrare,NFT Marketplace,Application,looksrare,218014.53302670253,0,0,,,0
Goat Protocol,GOA,goat-protocol,Yield Aggregator,Application,goat-protocol,195776.23704769035,165,165,1186.522648773881,1186.522648773881,0.0008427989141491499
Taraswap,TSWAP,taraswap,Dexs,Application,taraswap,192356.9289514301,0,37780,,5.091501560387245,0
Unlock Protocol,UP,unlock-protocol,Payments,Application,unlockprotocoltoken,191750.60227796534,826,80116,232.14358629293625,2.393412080957179,0.004307678777470615
Swop,SWOP,swop,Dexs,Application,swop,185072.70922016486,21707,61985,8.525945972274606,2.98576605985585,0.11728903786769056
CLever,CLEV,clever,Yield,Application,clever-token,182804.91274076968,173721,347445,1.052290239756677,0.5261405768992781,0.9503081585468586
Elk,ELK,elk,Dexs,Application,elk-finance,172535.77375265793,0,3290,,52.442484423300286,0
Sommelier,SOMM,sommelier,Onchain Capital Allocator,Application,sommelier,170235.78352885804,116347,174330,1.4631729527092063,0.9765145616294272,0.683446203778168
Fragmetric,FRAG,fragmetric,Liquid Restaking,Application,fragmetric,168920.13315539944,1571782,6033786,0.1074704591065424,0.027995711673466615,9.304882553899164
fly.trade,FLY,fly.trade,Cross Chain Bridge,Application,fly-2,164142.31927560913,4514,4514,36.36294179787531,36.36294179787531,0.027500525275389855
Beraborrow,POLLEN,beraborrow,CDP,Application,pollen-2,134039.0783261972,560359,560587,0.23920215134618555,0.2391048638769668,4.180564407018016
DefiPlaza,DFP2,defiplaza,Dexs,Application,defiplaza,133987.79728381318,328,1397,408.49938196284506,95.91109325970879,0.0024479841198167458
Wombat Exchange,WOM,wombat-exchange,Dexs,Application,wombat-exchange,132030.95336750636,417,14179,316.62099128898404,9.31172532389494,0.00315835029108126
Eggs Finance,EGGS,eggs-finance,Reserve Currency,Other/Monetary,eggs-finance,129697.57615852253,44201,147338,2.934267916077069,0.8802724087372065,0.3408005092244395
RadioShack,RADIO,radioshack,Dexs,Application,radioshack,125064.1713306448,0,3658,,34.18922124949284,0
OolongSwap,OLO,oolongswap,Dexs,Application,oolongswap,118625.96313790591,930,5829,127.55479907301711,20.35099727876238,0.007839767748977934
Everclear,CLEAR,everclear,Cross Chain Bridge,Application,everclear,103285.6099369064,0,135081,,0.7646198202330927,0
Stability,STBL,stability,Liquidity Manager,Application,stability,101887.54785608822,0,0,,,0
NetSwap,NETT,netswap,Dexs,Application,netswap,101041.27932680401,45991,276175,2.196979394377248,0.3658596155582656,0.45517040467439535
Aark Digital,AARK,aark-digital,Derivatives,Application,aark-digital,99354.05513671934,3929724,3929724,0.02528270563956129,0.02528270563956129,39.55272882010077
PrimeFi,PRFI,primefi,Lending,Application,primefi,97186.2701412233,207627,578547,0.4680810787673246,0.16798336201073258,2.136382018759369
Surf Liquid,SURF,surf-liquid,Yield,Application,surf-2,97015.86936701744,479,4882,202.5383494092222,19.87215677325224,0.004937336573132292
Rubicon,RUBI,rubicon,Dexs,Application,rubicon,94540.49495264333,3563,3563,26.53395872934138,26.53395872934138,0.03768755390782285
BakerDAO,BREAD,bakerdao,Reserve Currency,Other/Monetary,bread-2,89403.38302333013,0,38702,,2.3100455538041995,0
Concentrator,CTR,concentrator,Yield,Application,concentrator,88347.37177040425,85324,170653,1.0354340135296547,0.5177018380597133,0.9657785884308892
Houdini Swap,LOCK,houdini-swap,DEX Aggregator,Application,houdini-swap,84380.56672393951,1421797,1421797,0.05934783005164557,0.05934783005164557,16.84981572417697
Yala,YALA,yala,CDP,Application,yala,78440.77121581539,757754,3788766,0.103517462416319,0.020703514341032247,9.660205888531857
Mummy Finance,MMY,mummy-finance,Derivatives,Application,mummy-finance,74079.06651570159,8,21,9259.883314462699,3527.57459598579,0.00010799272151066243
Yeet BGT Auction,YEET,yeet-bgt-auction,Gamified Mining,Application,yeet,73511.01867869886,1584501,1584501,0.0463937975922381,0.0463937975922381,21.554605397668603
Strike,STRK,strike,Lending,Application,strike,71280.50418766268,29023,190769,2.456000557752909,0.37364825620338044,0.4071660313118736
TeleSwap,TST,teleswap,Bridge,Other/Monetary,teleport-system-token,69233.07251388524,321575,321575,0.21529370291187203,0.21529370291187203,4.6448176907865175
Snake Finance,SNAKE,snake-finance,Algo-Stables,Application,snake-4,63703.127093954965,253,884107,251.79101618164017,0.07205363954131679,0.003971547576100203
Saddle Finance,SDL,saddle-finance,Dexs,Application,saddle-finance,63307.65659760859,72,159,879.2730083001193,398.16136224911065,0.0011373031931609953
Vertex Perps,VRTX,vertex-perps,Derivatives,Application,vertex-protocol,61830.45784460938,224193,322499,0.2757912059904162,0.19172294439551557,3.625931423044541
Sable Finance,SABLE,sable-finance,CDP,Application,sable,60792.22550594458,0,0,,,0
Metavault.Trade,MVX,metavault.trade,Derivatives,Application,metavault-trade,59947.108568954056,0,0,,,0
Gravity Finance,GFI,gravity-finance,Dexs,Application,gravity-finance,55099.357667754695,0,1213,,45.424037648602386,0
BetSwirl,BETS,betswirl,Prediction Market,Application,betswirl,53345.81606607829,95817,192063,0.5567468827669233,0.27775165474910984,1.7961483592511471
Step Finance,STEP,step-finance,Portfolio Tracker,Application,step-finance,49954.778735076536,597040,597040,0.08367074021016437,0.08367074021016437,11.951609337842566
Roots,MEAD,roots,CDP,Application,mead-2,49817.81078870654,667,667,74.68937149731116,74.68937149731116,0.013388785846671643
Cattos,CATTOS,cattos,Gaming,Application,defi-cattos,49323.33914827199,581831,581831,0.08477262151427474,0.08477262151427474,11.796261365252358
Looter,LOOTER,looter,Trading App,Application,looter,48359.39497439936,1396783,1396783,0.03462198134885616,0.03462198134885616,28.883384515861565
Hermes V2,HERMES,hermes-v2,Yield,Application,hermes-protocol,48138.5901790908,15328,15328,3.1405656432079074,3.1405656432079074,0.3184139781197369
WigoSwap,WIGO,wigoswap,Dexs,Application,wigoswap,46791.77178932804,539,10645,86.81219255905017,4.395657284107848,0.011519119267950685
Sendshot,SEND,sendshot,Launchpad,Application,send-2,45837.0065259319,62749,62749,0.7304818646660808,0.7304818646660808,1.368959379240882
BurrBear,BURR,burrbear,Dexs,Application,burr-governance-token,43003.19975152162,26828,49274,1.6029223107023118,0.8727361235442956,0.6238605535173164
Nether.Fi,NFI,nether.fi,Derivatives,Application,netherfi,42330.87985963032,0,0,,,0
Colony,CLY,colony,Yield,Application,colony,41092.58805931981,576285,1708140,0.07130601709105705,0.024056920427669753,14.024061934675307
Open Stablecoin Index,SQUILL,open-stablecoin-index,Indexes,Application,squill,41076.78538248964,5415,10831,7.585740606184605,3.792520116562611,0.13182628459305692
Gamma,GAMMA,gamma,Liquidity Manager,Application,gamma-strategies,40515.21922602896,413809,2943706,0.09790801849652608,0.01376333751605254,10.213668046355993
Hop Protocol,HOP,hop-protocol,Cross Chain Bridge,Application,hop-protocol,36827.150477808354,0,4914,,7.494332616566616,0
Javsphere,JAV,javsphere,Derivatives,Application,javsphere,31981.186094773122,176170,395129,0.18153593741711485,0.08093859497726849,5.508551167487579
Integral,ITGR,integral,Dexs,Application,integral,31908.814976942238,0,485340,,0.06574528161071051,0
Full Sail,SAIL,full-sail,Dexs,Application,full-sail,30987.65496581805,753373,972271,0.04113188947018018,0.031871417501723336,24.312036545877152
BasisOS,BIOS,basisos,Basis Trading,Application,basisos-by-virtuals,30983.592251416794,25698,25698,1.2056810744578097,1.2056810744578097,0.829406732165632
BeamSwap Classic,GLINT,beamswap-classic,Dexs,Application,beamswap,27819.009243133125,281,675,99.00003289371219,41.213347026863886,0.010101006744852438
Cometh,MUST,cometh,Dexs,Application,must,27282.54908312761,0,1209,,22.56621098687147,0
Cellana Finance,CELL,cellana-finance,Dexs,Application,cellena-finance,27040.17976613652,206069,206069,0.13121905655938798,0.13121905655938798,7.620844305852889
Sonne Finance,SONNE,sonne-finance,Lending,Application,sonne-finance,25775.844595408435,4896,38617,5.264674141219043,0.6674740294535679,0.18994527926631533
BaseSwap V2,BSWAP,baseswap-v2,Dexs,Application,baseswap,25228.823876736606,0,121542,,0.20757288737009927,0
Ooga Booga,OOGA,ooga-booga,DEX Aggregator,Application,ooga-booga,24425.62041615,189998,189998,0.12855725016131747,0.12855725016131747,7.7786355786637476
Clipper,SAIL,clipper,Dexs,Application,sail-2,24103.712208854606,146338,421628,0.16471259829199938,0.05716819615598254,6.071181016932408
Polter Finance,POLTER,polter-finance,Lending,Application,polter-finance,22551.21042624018,13915,27845,1.620640346837239,0.8098836568949607,0.6170400496023378
Teddy Cash,TEDDY,teddy-cash,CDP,Application,teddy,21066.204242278076,0,0,,,0
Somnia Exchange,NIA,somnia-exchange,Dexs,Application,nia-2,20683.94042535882,0,81180,,0.2547910867868788,0
Mendi Finance,MENDI,mendi-finance,Lending,Application,mendi-finance,20531.511685747126,11288,76569,1.818879490232736,0.26814391837097423,0.5497890351559488
SUITE,SUITE,suite,Trading App,Application,suite-2,19404.60417493726,20074,20074,0.966653590462153,0.966653590462153,1.0344967523701063
Vela Exchange,VELA,vela-exchange,Derivatives,Application,vela-token,17969.737733382324,0,0,,,0
HawkFi,HAWK,hawkfi,Liquidity Manager,Application,hawksight,17819.95519457907,836452,10455648,0.021304217330557006,0.0017043377124573312,46.93906302606492
Jellyverse,JLY,jellyverse,Dexs,Application,jellyverse,15932.103371217652,17348,172200,0.9183827168098716,0.09252092550068323,1.0888706654602966
Iron Bank,IB,iron-bank,Lending,Application,iron-bank,14278.594350767764,22458,138406,0.6357910032401711,0.1031645618742523,1.5728438982365536
Furucombo,COMBO,furucombo,Services,Application,furucombo,13994.207360469056,257,257,54.45216871777843,54.45216871777843,0.018364741451950724
Juice Finance,JUICE,juice-finance,Leveraged Farming,Application,juice-finance,13589.080487594043,2,2,6794.5402437970215,6794.5402437970215,0.00014717699272043253
Amped Finance,AMPED,amped-finance,Derivatives,Application,amped-finance,11569.156888962381,35734,211520,0.32375767865233057,0.05469533324963304,3.0887298307876025
Solarbeam,SOLAR,solarbeam,Dexs,Application,solarbeam,10756.419118832733,1147,5964,9.377871943184598,1.8035578670075005,0.10663400034234352
Stabull Finance,STABUL,stabull-finance,Dexs,Application,stabull-finance,10604.844599118413,8782,29808,1.207565998533183,0.35577175922968374,0.8281120876330478
Xena Finance,XEN,xena-finance,Derivatives,Application,xena-finance,10496.90664931781,105,261,99.97053951731249,40.2180331391487,0.010002946916444561
Crodex,CRX,crodex,Dexs,Application,crodex,9197.57637249769,0,1363,,6.748038424429706,0
Moonwell Apollo,MFAM,moonwell-apollo,Lending,Application,moonwell,7127.989076595345,9699,27707,0.7349199996489685,0.25726311316978906,1.3606923209024737
Rifts Finance,RIFT,rifts-finance,Yield,Application,rifts-finance,6718.400375543571,4187,4187,1.6045857118565967,1.6045857118565967,0.6232138256067002
MEMECAST.AI,MCAI,memecast.ai,Prediction Market,Application,memecast-ai,5122.356508053452,0,0,,,0
Meowl,MEOWL,meowl,Services,Application,meowl,4732.21967139936,0,0,,,0
Nuls,NULS,nuls,Chain,L1/Monetary,nuls,4399.991996657349,0,12,,366.66599972144576,0
Aimbot,AIMBOT,aimbot,Telegram Bot,Application,aimbot,4366.544501300978,0,0,,,0
Flex Perpetuals,FDX,flex-perpetuals,Derivatives,Application,flex-2,3074.540773021691,271782,660529,0.011312525380715761,0.004654664326655894,88.39759172648401
MineLoot,LOOT,mineloot,Gamified Mining,Application,mineloot,1638.335461179001,26996,26996,0.06068808198173807,0.06068808198173807,16.477699860425883
Rockswap,ROCK,rockswap,Dexs,Application,rockswap,1598.3056247546133,0,445,,3.5916980331564345,0
Vaultka,VKA,vaultka,Yield,Application,vaultka,751.4190668745586,0,73168,,0.010269777318972209,0
Cellula,CELA,cellula,Gaming,Application,cellula,569.7831238591223,6721,6721,0.08477653977966408,0.08477653977966408,11.795716156840324
NFTEarth,NFTE,nftearth,NFT Marketplace,Application,nftearth,464.8706419132613,0,0,,,0
BabySwap,BABY,babyswap,Dexs,Application,babyswap,143.34448728756027,0,110985,,0.001291566313353699,0